<productinfo xmlns:xsi="http://www.w3.org/2001/XMLSchema-instance" 
    xsi:noNamespaceSchemaLocation="optional">
    <?xml-stylesheet type="text/xsl"href="optional"?>
    <!-- info.xml file for the CARNOT toolbox -->
    <!-- Version 6.0 -->
    <!-- Copyright 1998-2014 Solar-Insitut-Juelich. Author Bernd Hafner.-->
    
    <!-- Supply the following six elements in the order specified -->
    <matlabrelease>2010b</matlabrelease>
    <name>Carnot</name>
    <type>blockset</type>
    <!-- (Optional) icon file to display in the Start button -->
    <icon>sampleicon.gif</icon>
    <!-- (Required if you supply help) relative path to help (HTML) folder -->
    <help_location>./tutorial/doc</help_location>
    <!-- (Required if you supply help) icon used in the Help browser TOC -->
    <help_contents_icon>$toolbox/matlab/icons/bookicon.gif</help_contents_icon>
    
    <!-- - - - - - - - - - - - -  Start menu - - - - - - - - - - - - - - - -->
    <!-- Optional list of entries to display on Start Menu -->
    <!-- Callback items are function calls or commands for toolbox -->
    <!-- Refresh the Start button to see your entries -->
    <!-- Remove this list if you do not want a Start button entry -->
    <list>
        <listitem>
            <!-- The label provides the text for this menu item --> 
            <label>Carnot Documentation</label>
            <!-- This callback is a command to open your documentation -->
            <callback>
                web(fullfile(path_carnot('help'),'manual.htm'),'-helpbrowser')
            </callback>
            <!-- Menu item icon (a toolbox icon from the help browser ) -->
            <icon>$toolbox/matlab/icons/bookicon.gif</icon>
        </listitem>
        <listitem>
            <!-- A menu item label for a opening a GUI  -->
            <label>CARNOT</label>
            <!-- A command to open a GUI, if any --> 
            <callback>carnot</callback>
            <!-- The icon for this menu item --> 
            <icon>$toolbox/matlab/icons/figureicon.gif</icon>
        </listitem>
        <listitem>
            <!-- A menu item label for a opening a demo -->
            <label>Carnot Examples</label>
            <!-- A command to open a demo if any -->
            <callback>Carnot_LoadExamples_Callbacks</callback>
            <!-- The icon for this menu item -->
            <icon>HelpIcon.DEMOS</icon>
        </listitem>
   <!--     <listitem> -->
             <!-- Include call to open your Web site, if any -->
   <!--        <label>MyToolbox Web Site</label>  -->
   <!--         <callback>web http://www.mathworks.com -browser;</callback>  -->
   <!--         <icon>$docroot/techdoc/matlab_env/examples/webicon.gif</icon>  -->
   <!--     </listitem> -->
        <!-- Add listitems for other features of your toolbox... -->
    </list>
</productinfo>